Datetime,^GSPC
2024-11-18 14:30:00+00:00,5870.31005859375
2024-11-18 14:31:00+00:00,5869.259765625
2024-11-18 14:32:00+00:00,5866.8798828125
2024-11-18 14:33:00+00:00,5867.56982421875
2024-11-18 14:34:00+00:00,5867.97998046875
2024-11-18 14:35:00+00:00,5869.9501953125
2024-11-18 14:36:00+00:00,5872.72998046875
2024-11-18 14:37:00+00:00,5874.759765625
2024-11-18 14:38:00+00:00,5873.93994140625
2024-11-18 14:39:00+00:00,5876.02978515625
2024-11-18 14:40:00+00:00,5873.2900390625
2024-11-18 14:41:00+00:00,5873.6298828125
2024-11-18 14:42:00+00:00,5874.7099609375
2024-11-18 14:43:00+00:00,5875.830078125
2024-11-18 14:44:00+00:00,5874.240234375
2024-11-18 14:45:00+00:00,5872.419921875
2024-11-18 14:46:00+00:00,5869.10986328125
2024-11-18 14:47:00+00:00,5868.7900390625
2024-11-18 14:48:00+00:00,5868.77978515625
2024-11-18 14:49:00+00:00,5872.31982421875
2024-11-18 14:50:00+00:00,5868.47998046875
2024-11-18 14:51:00+00:00,5867.330078125
2024-11-18 14:52:00+00:00,5869.169921875
2024-11-18 14:53:00+00:00,5867.77001953125
2024-11-18 14:54:00+00:00,5868.60009765625
2024-11-18 14:55:00+00:00,5868.740234375
2024-11-18 14:56:00+00:00,5867.31005859375
2024-11-18 14:57:00+00:00,5868.2998046875
2024-11-18 14:58:00+00:00,5868.509765625
2024-11-18 14:59:00+00:00,5869.6201171875
2024-11-18 15:00:00+00:00,5870.2900390625
2024-11-18 15:01:00+00:00,5871.2099609375
2024-11-18 15:02:00+00:00,5876.22998046875
2024-11-18 15:03:00+00:00,5876.31005859375
2024-11-18 15:04:00+00:00,5880.2001953125
2024-11-18 15:05:00+00:00,5879.56005859375
2024-11-18 15:06:00+00:00,5879.41015625
2024-11-18 15:07:00+00:00,5879.27001953125
2024-11-18 15:08:00+00:00,5880.75
2024-11-18 15:09:00+00:00,5879.0400390625
2024-11-18 15:10:00+00:00,5878.25
2024-11-18 15:11:00+00:00,5880.02978515625
2024-11-18 15:12:00+00:00,5879.52001953125
2024-11-18 15:13:00+00:00,5878.14990234375
2024-11-18 15:14:00+00:00,5880.830078125
2024-11-18 15:15:00+00:00,5882.72021484375
2024-11-18 15:16:00+00:00,5883.41015625
2024-11-18 15:17:00+00:00,5882.97998046875
2024-11-18 15:18:00+00:00,5880.7998046875
2024-11-18 15:19:00+00:00,5881.85009765625
2024-11-18 15:20:00+00:00,5882.60986328125
2024-11-18 15:21:00+00:00,5880.02978515625
2024-11-18 15:22:00+00:00,5881.10986328125
2024-11-18 15:23:00+00:00,5879.56005859375
2024-11-18 15:24:00+00:00,5881.7001953125
2024-11-18 15:25:00+00:00,5881.75
2024-11-18 15:26:00+00:00,5883.6201171875
2024-11-18 15:27:00+00:00,5885.6201171875
2024-11-18 15:28:00+00:00,5885.97998046875
2024-11-18 15:29:00+00:00,5887.3701171875
2024-11-18 15:30:00+00:00,5889.33984375
2024-11-18 15:31:00+00:00,5890.25
2024-11-18 15:32:00+00:00,5891.169921875
2024-11-18 15:33:00+00:00,5891.60009765625
2024-11-18 15:34:00+00:00,5894.0
2024-11-18 15:35:00+00:00,5892.89013671875
2024-11-18 15:36:00+00:00,5894.41015625
2024-11-18 15:37:00+00:00,5892.9501953125
2024-11-18 15:38:00+00:00,5891.52001953125
2024-11-18 15:39:00+00:00,5891.56982421875
2024-11-18 15:40:00+00:00,5891.7900390625
2024-11-18 15:41:00+00:00,5894.08984375
2024-11-18 15:42:00+00:00,5893.5
2024-11-18 15:43:00+00:00,5893.64013671875
2024-11-18 15:44:00+00:00,5894.14013671875
2024-11-18 15:45:00+00:00,5894.7900390625
2024-11-18 15:46:00+00:00,5895.3798828125
2024-11-18 15:47:00+00:00,5895.81005859375
2024-11-18 15:48:00+00:00,5895.759765625
2024-11-18 15:49:00+00:00,5896.6201171875
2024-11-18 15:50:00+00:00,5895.25
2024-11-18 15:51:00+00:00,5896.72998046875
2024-11-18 15:52:00+00:00,5896.16015625
2024-11-18 15:53:00+00:00,5894.72998046875
2024-11-18 15:54:00+00:00,5895.8701171875
2024-11-18 15:55:00+00:00,5895.60986328125
2024-11-18 15:56:00+00:00,5894.18017578125
2024-11-18 15:57:00+00:00,5893.990234375
2024-11-18 15:58:00+00:00,5895.2099609375
2024-11-18 15:59:00+00:00,5895.669921875
2024-11-18 16:00:00+00:00,5895.14990234375
2024-11-18 16:01:00+00:00,5896.2998046875
2024-11-18 16:02:00+00:00,5897.27001953125
2024-11-18 16:03:00+00:00,5897.02978515625
2024-11-18 16:04:00+00:00,5897.56982421875
2024-11-18 16:05:00+00:00,5896.77001953125
2024-11-18 16:06:00+00:00,5897.2099609375
2024-11-18 16:07:00+00:00,5897.85009765625
2024-11-18 16:08:00+00:00,5897.0498046875
2024-11-18 16:09:00+00:00,5897.4599609375
2024-11-18 16:10:00+00:00,5898.06982421875
2024-11-18 16:11:00+00:00,5896.58984375
2024-11-18 16:12:00+00:00,5897.31982421875
2024-11-18 16:13:00+00:00,5898.490234375
2024-11-18 16:14:00+00:00,5897.85986328125
2024-11-18 16:15:00+00:00,5896.81982421875
2024-11-18 16:16:00+00:00,5897.47998046875
2024-11-18 16:17:00+00:00,5898.72021484375
2024-11-18 16:18:00+00:00,5898.759765625
2024-11-18 16:19:00+00:00,5899.14013671875
2024-11-18 16:20:00+00:00,5899.06005859375
2024-11-18 16:21:00+00:00,5899.35009765625
2024-11-18 16:22:00+00:00,5900.509765625
2024-11-18 16:23:00+00:00,5900.759765625
2024-11-18 16:24:00+00:00,5902.3701171875
2024-11-18 16:25:00+00:00,5902.14990234375
2024-11-18 16:26:00+00:00,5903.02001953125
2024-11-18 16:27:00+00:00,5902.27001953125
2024-11-18 16:28:00+00:00,5901.3701171875
2024-11-18 16:29:00+00:00,5900.39990234375
2024-11-18 16:30:00+00:00,5902.64013671875
2024-11-18 16:31:00+00:00,5904.35986328125
2024-11-18 16:32:00+00:00,5904.22021484375
2024-11-18 16:33:00+00:00,5904.259765625
2024-11-18 16:34:00+00:00,5904.56005859375
2024-11-18 16:35:00+00:00,5904.89013671875
2024-11-18 16:36:00+00:00,5904.97021484375
2024-11-18 16:37:00+00:00,5905.7099609375
2024-11-18 16:38:00+00:00,5906.759765625
2024-11-18 16:39:00+00:00,5906.9599609375
2024-11-18 16:40:00+00:00,5906.7099609375
2024-11-18 16:41:00+00:00,5907.10986328125
2024-11-18 16:42:00+00:00,5906.33984375
2024-11-18 16:43:00+00:00,5907.77978515625
2024-11-18 16:44:00+00:00,5907.8798828125
2024-11-18 16:45:00+00:00,5905.56982421875
2024-11-18 16:46:00+00:00,5905.31982421875
2024-11-18 16:47:00+00:00,5904.75
2024-11-18 16:48:00+00:00,5901.240234375
2024-11-18 16:49:00+00:00,5898.85986328125
2024-11-18 16:50:00+00:00,5897.6201171875
2024-11-18 16:51:00+00:00,5896.56005859375
2024-11-18 16:52:00+00:00,5896.6298828125
2024-11-18 16:53:00+00:00,5895.419921875
2024-11-18 16:54:00+00:00,5897.1298828125
2024-11-18 16:55:00+00:00,5895.4599609375
2024-11-18 16:56:00+00:00,5894.14990234375
2024-11-18 16:57:00+00:00,5895.85986328125
2024-11-18 16:58:00+00:00,5896.14013671875
2024-11-18 16:59:00+00:00,5896.27001953125
2024-11-18 17:00:00+00:00,5896.35986328125
2024-11-18 17:01:00+00:00,5895.25
2024-11-18 17:02:00+00:00,5896.25
2024-11-18 17:03:00+00:00,5897.77978515625
2024-11-18 17:04:00+00:00,5896.3798828125
2024-11-18 17:05:00+00:00,5895.39013671875
2024-11-18 17:06:00+00:00,5892.830078125
2024-11-18 17:07:00+00:00,5893.16015625
2024-11-18 17:08:00+00:00,5892.97021484375
2024-11-18 17:09:00+00:00,5893.08984375
2024-11-18 17:10:00+00:00,5893.75
2024-11-18 17:11:00+00:00,5893.330078125
2024-11-18 17:12:00+00:00,5895.33984375
2024-11-18 17:13:00+00:00,5896.31005859375
2024-11-18 17:14:00+00:00,5895.89013671875
2024-11-18 17:15:00+00:00,5895.02001953125
2024-11-18 17:16:00+00:00,5894.509765625
2024-11-18 17:17:00+00:00,5892.0498046875
2024-11-18 17:18:00+00:00,5894.9599609375
2024-11-18 17:19:00+00:00,5894.7099609375
2024-11-18 17:20:00+00:00,5894.89990234375
2024-11-18 17:21:00+00:00,5896.0400390625
2024-11-18 17:22:00+00:00,5896.91015625
2024-11-18 17:23:00+00:00,5897.5400390625
2024-11-18 17:24:00+00:00,5897.02978515625
2024-11-18 17:25:00+00:00,5897.39013671875
2024-11-18 17:26:00+00:00,5897.5498046875
2024-11-18 17:27:00+00:00,5898.0400390625
2024-11-18 17:28:00+00:00,5897.77978515625
2024-11-18 17:29:00+00:00,5896.81005859375
2024-11-18 17:30:00+00:00,5896.02001953125
2024-11-18 17:31:00+00:00,5897.64013671875
2024-11-18 17:32:00+00:00,5896.27001953125
2024-11-18 17:33:00+00:00,5896.16015625
2024-11-18 17:34:00+00:00,5897.02978515625
2024-11-18 17:35:00+00:00,5896.81005859375
2024-11-18 17:36:00+00:00,5896.330078125
2024-11-18 17:37:00+00:00,5896.7001953125
2024-11-18 17:38:00+00:00,5899.240234375
2024-11-18 17:39:00+00:00,5898.7998046875
2024-11-18 17:40:00+00:00,5897.39990234375
2024-11-18 17:41:00+00:00,5897.81005859375
2024-11-18 17:42:00+00:00,5898.0498046875
2024-11-18 17:43:00+00:00,5898.0400390625
2024-11-18 17:44:00+00:00,5893.8701171875
2024-11-18 17:45:00+00:00,5893.240234375
2024-11-18 17:46:00+00:00,5892.2099609375
2024-11-18 17:47:00+00:00,5891.75
2024-11-18 17:48:00+00:00,5892.7099609375
2024-11-18 17:49:00+00:00,5892.56982421875
2024-11-18 17:50:00+00:00,5893.10986328125
2024-11-18 17:51:00+00:00,5893.0400390625
2024-11-18 17:52:00+00:00,5893.72021484375
2024-11-18 17:53:00+00:00,5893.2001953125
2024-11-18 17:54:00+00:00,5893.02001953125
2024-11-18 17:55:00+00:00,5895.1201171875
2024-11-18 17:56:00+00:00,5897.2001953125
2024-11-18 17:57:00+00:00,5898.7001953125
2024-11-18 17:58:00+00:00,5899.02978515625
2024-11-18 17:59:00+00:00,5899.72998046875
2024-11-18 18:00:00+00:00,5899.330078125
2024-11-18 18:01:00+00:00,5898.740234375
2024-11-18 18:02:00+00:00,5898.58984375
2024-11-18 18:03:00+00:00,5898.72998046875
2024-11-18 18:04:00+00:00,5897.06005859375
2024-11-18 18:05:00+00:00,5896.64990234375
2024-11-18 18:06:00+00:00,5898.080078125
2024-11-18 18:07:00+00:00,5897.2001953125
2024-11-18 18:08:00+00:00,5897.669921875
2024-11-18 18:09:00+00:00,5899.22998046875
2024-11-18 18:10:00+00:00,5898.97998046875
2024-11-18 18:11:00+00:00,5898.7001953125
2024-11-18 18:12:00+00:00,5898.85986328125
2024-11-18 18:13:00+00:00,5898.4599609375
2024-11-18 18:14:00+00:00,5896.93994140625
2024-11-18 18:15:00+00:00,5896.75
2024-11-18 18:16:00+00:00,5897.7900390625
2024-11-18 18:17:00+00:00,5897.759765625
2024-11-18 18:18:00+00:00,5897.97998046875
2024-11-18 18:19:00+00:00,5898.8798828125
2024-11-18 18:20:00+00:00,5897.9599609375
2024-11-18 18:21:00+00:00,5896.990234375
2024-11-18 18:22:00+00:00,5896.240234375
2024-11-18 18:23:00+00:00,5897.02001953125
2024-11-18 18:24:00+00:00,5897.2099609375
2024-11-18 18:25:00+00:00,5895.85009765625
2024-11-18 18:26:00+00:00,5896.10009765625
2024-11-18 18:27:00+00:00,5895.330078125
2024-11-18 18:28:00+00:00,5894.75
2024-11-18 18:29:00+00:00,5894.60009765625
2024-11-18 18:30:00+00:00,5893.740234375
2024-11-18 18:31:00+00:00,5894.9501953125
2024-11-18 18:32:00+00:00,5895.10009765625
2024-11-18 18:33:00+00:00,5894.35009765625
2024-11-18 18:34:00+00:00,5893.68994140625
2024-11-18 18:35:00+00:00,5894.18017578125
2024-11-18 18:36:00+00:00,5894.66015625
2024-11-18 18:37:00+00:00,5895.58984375
2024-11-18 18:38:00+00:00,5893.830078125
2024-11-18 18:39:00+00:00,5893.60009765625
2024-11-18 18:40:00+00:00,5892.27001953125
2024-11-18 18:41:00+00:00,5891.85986328125
2024-11-18 18:42:00+00:00,5892.22021484375
2024-11-18 18:43:00+00:00,5891.43017578125
2024-11-18 18:44:00+00:00,5887.06005859375
2024-11-18 18:45:00+00:00,5887.22021484375
2024-11-18 18:46:00+00:00,5886.7099609375
2024-11-18 18:47:00+00:00,5884.5498046875
2024-11-18 18:48:00+00:00,5886.3798828125
2024-11-18 18:49:00+00:00,5886.64013671875
2024-11-18 18:50:00+00:00,5888.10986328125
2024-11-18 18:51:00+00:00,5888.490234375
2024-11-18 18:52:00+00:00,5888.72021484375
2024-11-18 18:53:00+00:00,5886.7998046875
2024-11-18 18:54:00+00:00,5888.93994140625
2024-11-18 18:55:00+00:00,5890.7900390625
2024-11-18 18:56:00+00:00,5892.41015625
2024-11-18 18:57:00+00:00,5893.7099609375
2024-11-18 18:58:00+00:00,5895.1201171875
2024-11-18 18:59:00+00:00,5896.64990234375
2024-11-18 19:00:00+00:00,5896.2001953125
2024-11-18 19:01:00+00:00,5895.5
2024-11-18 19:02:00+00:00,5895.68994140625
2024-11-18 19:03:00+00:00,5895.16015625
2024-11-18 19:04:00+00:00,5895.9501953125
2024-11-18 19:05:00+00:00,5895.6201171875
2024-11-18 19:06:00+00:00,5894.81982421875
2024-11-18 19:07:00+00:00,5893.33984375
2024-11-18 19:08:00+00:00,5893.9599609375
2024-11-18 19:09:00+00:00,5893.16015625
2024-11-18 19:10:00+00:00,5892.39990234375
2024-11-18 19:11:00+00:00,5892.85986328125
2024-11-18 19:12:00+00:00,5893.0
2024-11-18 19:13:00+00:00,5891.72021484375
2024-11-18 19:14:00+00:00,5889.16015625
2024-11-18 19:15:00+00:00,5887.58984375
2024-11-18 19:16:00+00:00,5886.93017578125
2024-11-18 19:17:00+00:00,5888.35986328125
2024-11-18 19:18:00+00:00,5890.080078125
2024-11-18 19:19:00+00:00,5888.31982421875
2024-11-18 19:20:00+00:00,5887.2900390625
2024-11-18 19:21:00+00:00,5886.81982421875
2024-11-18 19:22:00+00:00,5885.39013671875
2024-11-18 19:23:00+00:00,5884.41015625
2024-11-18 19:24:00+00:00,5884.93017578125
2024-11-18 19:25:00+00:00,5884.41015625
2024-11-18 19:26:00+00:00,5886.16015625
2024-11-18 19:27:00+00:00,5887.2099609375
2024-11-18 19:28:00+00:00,5886.56982421875
2024-11-18 19:29:00+00:00,5885.83984375
2024-11-18 19:30:00+00:00,5885.3701171875
2024-11-18 19:31:00+00:00,5885.75
2024-11-18 19:32:00+00:00,5884.43994140625
2024-11-18 19:33:00+00:00,5884.4599609375
2024-11-18 19:34:00+00:00,5884.3701171875
2024-11-18 19:35:00+00:00,5885.39013671875
2024-11-18 19:36:00+00:00,5884.990234375
2024-11-18 19:37:00+00:00,5886.419921875
2024-11-18 19:38:00+00:00,5886.7001953125
2024-11-18 19:39:00+00:00,5887.43994140625
2024-11-18 19:40:00+00:00,5886.77001953125
2024-11-18 19:41:00+00:00,5889.259765625
2024-11-18 19:42:00+00:00,5889.7900390625
2024-11-18 19:43:00+00:00,5890.490234375
2024-11-18 19:44:00+00:00,5890.58984375
2024-11-18 19:45:00+00:00,5891.39990234375
2024-11-18 19:46:00+00:00,5892.31005859375
2024-11-18 19:47:00+00:00,5892.7099609375
2024-11-18 19:48:00+00:00,5892.43017578125
2024-11-18 19:49:00+00:00,5892.6201171875
2024-11-18 19:50:00+00:00,5893.27001953125
2024-11-18 19:51:00+00:00,5893.66015625
2024-11-18 19:52:00+00:00,5893.919921875
2024-11-18 19:53:00+00:00,5894.7900390625
2024-11-18 19:54:00+00:00,5895.2998046875
2024-11-18 19:55:00+00:00,5893.1201171875
2024-11-18 19:56:00+00:00,5893.25
2024-11-18 19:57:00+00:00,5893.85986328125
2024-11-18 19:58:00+00:00,5893.75
2024-11-18 19:59:00+00:00,5894.10986328125
2024-11-18 20:00:00+00:00,5893.10009765625
2024-11-18 20:01:00+00:00,5895.1201171875
2024-11-18 20:02:00+00:00,5894.990234375
2024-11-18 20:03:00+00:00,5894.81005859375
2024-11-18 20:04:00+00:00,5895.7001953125
2024-11-18 20:05:00+00:00,5895.22021484375
2024-11-18 20:06:00+00:00,5895.18994140625
2024-11-18 20:07:00+00:00,5894.990234375
2024-11-18 20:08:00+00:00,5894.85986328125
2024-11-18 20:09:00+00:00,5894.39990234375
2024-11-18 20:10:00+00:00,5895.93017578125
2024-11-18 20:11:00+00:00,5895.68017578125
2024-11-18 20:12:00+00:00,5896.669921875
2024-11-18 20:13:00+00:00,5896.10986328125
2024-11-18 20:14:00+00:00,5895.22021484375
2024-11-18 20:15:00+00:00,5894.35986328125
2024-11-18 20:16:00+00:00,5893.58984375
2024-11-18 20:17:00+00:00,5896.10986328125
2024-11-18 20:18:00+00:00,5896.2099609375
2024-11-18 20:19:00+00:00,5896.31005859375
2024-11-18 20:20:00+00:00,5896.14013671875
2024-11-18 20:21:00+00:00,5896.06982421875
2024-11-18 20:22:00+00:00,5895.919921875
2024-11-18 20:23:00+00:00,5895.25
2024-11-18 20:24:00+00:00,5896.10009765625
2024-11-18 20:25:00+00:00,5896.14013671875
2024-11-18 20:26:00+00:00,5895.6201171875
2024-11-18 20:27:00+00:00,5896.4501953125
2024-11-18 20:28:00+00:00,5896.4599609375
2024-11-18 20:29:00+00:00,5897.27978515625
2024-11-18 20:30:00+00:00,5895.990234375
2024-11-18 20:31:00+00:00,5895.10009765625
2024-11-18 20:32:00+00:00,5893.8798828125
2024-11-18 20:33:00+00:00,5892.83984375
2024-11-18 20:34:00+00:00,5893.89990234375
2024-11-18 20:35:00+00:00,5894.77001953125
2024-11-18 20:36:00+00:00,5895.35986328125
2024-11-18 20:37:00+00:00,5894.60009765625
2024-11-18 20:38:00+00:00,5892.93017578125
2024-11-18 20:39:00+00:00,5893.22998046875
2024-11-18 20:40:00+00:00,5893.22998046875
2024-11-18 20:41:00+00:00,5893.16015625
2024-11-18 20:42:00+00:00,5892.39990234375
2024-11-18 20:43:00+00:00,5892.91015625
2024-11-18 20:44:00+00:00,5893.7001953125
2024-11-18 20:45:00+00:00,5893.7099609375
2024-11-18 20:46:00+00:00,5893.5
2024-11-18 20:47:00+00:00,5892.7099609375
2024-11-18 20:48:00+00:00,5893.830078125
2024-11-18 20:49:00+00:00,5895.2900390625
2024-11-18 20:50:00+00:00,5891.60986328125
2024-11-18 20:51:00+00:00,5891.06982421875
2024-11-18 20:52:00+00:00,5890.509765625
2024-11-18 20:53:00+00:00,5888.8798828125
2024-11-18 20:54:00+00:00,5888.9501953125
2024-11-18 20:55:00+00:00,5891.06982421875
2024-11-18 20:56:00+00:00,5889.39990234375
2024-11-18 20:57:00+00:00,5889.89013671875
2024-11-18 20:58:00+00:00,5890.27001953125
2024-11-18 20:59:00+00:00,5894.25
2024-11-19 14:30:00+00:00,5862.6201171875
2024-11-19 14:31:00+00:00,5866.4501953125
2024-11-19 14:32:00+00:00,5864.31982421875
2024-11-19 14:33:00+00:00,5862.580078125
2024-11-19 14:34:00+00:00,5864.47021484375
2024-11-19 14:35:00+00:00,5864.18994140625
2024-11-19 14:36:00+00:00,5866.77001953125
2024-11-19 14:37:00+00:00,5865.47998046875
2024-11-19 14:38:00+00:00,5865.85986328125
2024-11-19 14:39:00+00:00,5866.72021484375
2024-11-19 14:40:00+00:00,5867.81982421875
2024-11-19 14:41:00+00:00,5869.330078125
2024-11-19 14:42:00+00:00,5866.6298828125
2024-11-19 14:43:00+00:00,5869.7900390625
2024-11-19 14:44:00+00:00,5870.8701171875
2024-11-19 14:45:00+00:00,5869.9599609375
2024-11-19 14:46:00+00:00,5868.990234375
2024-11-19 14:47:00+00:00,5865.06005859375
2024-11-19 14:48:00+00:00,5863.72021484375
2024-11-19 14:49:00+00:00,5864.52978515625
2024-11-19 14:50:00+00:00,5857.7001953125
2024-11-19 14:51:00+00:00,5860.68017578125
2024-11-19 14:52:00+00:00,5866.33984375
2024-11-19 14:53:00+00:00,5864.1201171875
2024-11-19 14:54:00+00:00,5862.68994140625
2024-11-19 14:55:00+00:00,5863.33984375
2024-11-19 14:56:00+00:00,5863.0400390625
2024-11-19 14:57:00+00:00,5866.85986328125
2024-11-19 14:58:00+00:00,5867.830078125
2024-11-19 14:59:00+00:00,5865.93994140625
2024-11-19 15:00:00+00:00,5861.35986328125
2024-11-19 15:01:00+00:00,5866.509765625
2024-11-19 15:02:00+00:00,5861.22998046875
2024-11-19 15:03:00+00:00,5864.31982421875
2024-11-19 15:04:00+00:00,5865.1298828125
2024-11-19 15:05:00+00:00,5865.97998046875
2024-11-19 15:06:00+00:00,5867.7099609375
2024-11-19 15:07:00+00:00,5867.919921875
2024-11-19 15:08:00+00:00,5867.56005859375
2024-11-19 15:09:00+00:00,5867.83984375
2024-11-19 15:10:00+00:00,5867.47021484375
2024-11-19 15:11:00+00:00,5865.83984375
2024-11-19 15:12:00+00:00,5867.259765625
2024-11-19 15:13:00+00:00,5867.9501953125
2024-11-19 15:14:00+00:00,5867.490234375
2024-11-19 15:15:00+00:00,5862.35009765625
2024-11-19 15:16:00+00:00,5866.64990234375
2024-11-19 15:17:00+00:00,5865.830078125
2024-11-19 15:18:00+00:00,5866.64013671875
2024-11-19 15:19:00+00:00,5869.14013671875
2024-11-19 15:20:00+00:00,5868.52978515625
2024-11-19 15:21:00+00:00,5866.8701171875
2024-11-19 15:22:00+00:00,5866.6201171875
2024-11-19 15:23:00+00:00,5866.5498046875
2024-11-19 15:24:00+00:00,5870.2001953125
2024-11-19 15:25:00+00:00,5870.16015625
2024-11-19 15:26:00+00:00,5869.93994140625
2024-11-19 15:27:00+00:00,5869.97021484375
2024-11-19 15:28:00+00:00,5872.240234375
2024-11-19 15:29:00+00:00,5877.240234375
2024-11-19 15:30:00+00:00,5874.759765625
2024-11-19 15:31:00+00:00,5879.7099609375
2024-11-19 15:32:00+00:00,5879.7099609375
2024-11-19 15:33:00+00:00,5882.77001953125
2024-11-19 15:34:00+00:00,5881.5
2024-11-19 15:35:00+00:00,5882.419921875
2024-11-19 15:36:00+00:00,5884.35009765625
2024-11-19 15:37:00+00:00,5886.91015625
2024-11-19 15:38:00+00:00,5886.85009765625
2024-11-19 15:39:00+00:00,5886.7001953125
2024-11-19 15:40:00+00:00,5883.759765625
2024-11-19 15:41:00+00:00,5885.14990234375
2024-11-19 15:42:00+00:00,5886.31005859375
2024-11-19 15:43:00+00:00,5889.22021484375
2024-11-19 15:44:00+00:00,5888.509765625
2024-11-19 15:45:00+00:00,5888.669921875
2024-11-19 15:46:00+00:00,5887.39013671875
2024-11-19 15:47:00+00:00,5887.7900390625
2024-11-19 15:48:00+00:00,5888.919921875
2024-11-19 15:49:00+00:00,5891.2900390625
2024-11-19 15:50:00+00:00,5888.990234375
2024-11-19 15:51:00+00:00,5891.3798828125
2024-11-19 15:52:00+00:00,5893.31005859375
2024-11-19 15:53:00+00:00,5891.919921875
2024-11-19 15:54:00+00:00,5890.080078125
2024-11-19 15:55:00+00:00,5890.72021484375
2024-11-19 15:56:00+00:00,5890.2099609375
2024-11-19 15:57:00+00:00,5891.43017578125
2024-11-19 15:58:00+00:00,5891.4501953125
2024-11-19 15:59:00+00:00,5890.72998046875
2024-11-19 16:00:00+00:00,5890.60986328125
2024-11-19 16:01:00+00:00,5891.81982421875
2024-11-19 16:02:00+00:00,5890.7099609375
2024-11-19 16:03:00+00:00,5891.6298828125
2024-11-19 16:04:00+00:00,5892.22998046875
2024-11-19 16:05:00+00:00,5893.60986328125
2024-11-19 16:06:00+00:00,5892.10986328125
2024-11-19 16:07:00+00:00,5894.5
2024-11-19 16:08:00+00:00,5892.97021484375
2024-11-19 16:09:00+00:00,5892.89990234375
2024-11-19 16:10:00+00:00,5894.580078125
2024-11-19 16:11:00+00:00,5894.56005859375
2024-11-19 16:12:00+00:00,5894.490234375
2024-11-19 16:13:00+00:00,5894.68017578125
2024-11-19 16:14:00+00:00,5894.169921875
2024-11-19 16:15:00+00:00,5895.6298828125
2024-11-19 16:16:00+00:00,5895.740234375
2024-11-19 16:17:00+00:00,5898.85986328125
2024-11-19 16:18:00+00:00,5898.490234375
2024-11-19 16:19:00+00:00,5898.2900390625
2024-11-19 16:20:00+00:00,5896.7998046875
2024-11-19 16:21:00+00:00,5896.8701171875
2024-11-19 16:22:00+00:00,5899.31982421875
2024-11-19 16:23:00+00:00,5897.9501953125
2024-11-19 16:24:00+00:00,5899.2099609375
2024-11-19 16:25:00+00:00,5899.990234375
2024-11-19 16:26:00+00:00,5899.419921875
2024-11-19 16:27:00+00:00,5900.39013671875
2024-11-19 16:28:00+00:00,5901.7998046875
2024-11-19 16:29:00+00:00,5901.830078125
2024-11-19 16:30:00+00:00,5900.81982421875
2024-11-19 16:31:00+00:00,5902.18017578125
2024-11-19 16:32:00+00:00,5902.93994140625
2024-11-19 16:33:00+00:00,5903.10986328125
2024-11-19 16:34:00+00:00,5903.3701171875
2024-11-19 16:35:00+00:00,5903.35986328125
2024-11-19 16:36:00+00:00,5904.18017578125
2024-11-19 16:37:00+00:00,5904.240234375
2024-11-19 16:38:00+00:00,5902.64013671875
2024-11-19 16:39:00+00:00,5902.89013671875
2024-11-19 16:40:00+00:00,5903.740234375
2024-11-19 16:41:00+00:00,5904.25
2024-11-19 16:42:00+00:00,5903.7998046875
2024-11-19 16:43:00+00:00,5901.97998046875
2024-11-19 16:44:00+00:00,5903.240234375
2024-11-19 16:45:00+00:00,5902.77001953125
2024-11-19 16:46:00+00:00,5903.7001953125
2024-11-19 16:47:00+00:00,5902.9501953125
2024-11-19 16:48:00+00:00,5902.919921875
2024-11-19 16:49:00+00:00,5903.35009765625
2024-11-19 16:50:00+00:00,5900.419921875
2024-11-19 16:51:00+00:00,5901.8798828125
2024-11-19 16:52:00+00:00,5902.52978515625
2024-11-19 16:53:00+00:00,5900.33984375
2024-11-19 16:54:00+00:00,5899.91015625
2024-11-19 16:55:00+00:00,5902.33984375
2024-11-19 16:56:00+00:00,5902.75
2024-11-19 16:57:00+00:00,5903.2900390625
2024-11-19 16:58:00+00:00,5902.68994140625
2024-11-19 16:59:00+00:00,5901.240234375
2024-11-19 17:00:00+00:00,5900.080078125
2024-11-19 17:01:00+00:00,5900.18017578125
2024-11-19 17:02:00+00:00,5900.3798828125
2024-11-19 17:03:00+00:00,5898.81982421875
2024-11-19 17:04:00+00:00,5898.68994140625
2024-11-19 17:05:00+00:00,5899.66015625
2024-11-19 17:06:00+00:00,5899.919921875
2024-11-19 17:07:00+00:00,5900.2099609375
2024-11-19 17:08:00+00:00,5901.259765625
2024-11-19 17:09:00+00:00,5901.919921875
2024-11-19 17:10:00+00:00,5901.27001953125
2024-11-19 17:11:00+00:00,5901.0
2024-11-19 17:12:00+00:00,5900.7998046875
2024-11-19 17:13:00+00:00,5900.759765625
2024-11-19 17:14:00+00:00,5900.6298828125
2024-11-19 17:15:00+00:00,5901.2001953125
2024-11-19 17:16:00+00:00,5901.08984375
2024-11-19 17:17:00+00:00,5900.60009765625
2024-11-19 17:18:00+00:00,5902.0498046875
2024-11-19 17:19:00+00:00,5901.97998046875
2024-11-19 17:20:00+00:00,5900.60986328125
2024-11-19 17:21:00+00:00,5897.1298828125
2024-11-19 17:22:00+00:00,5893.8701171875
2024-11-19 17:23:00+00:00,5896.169921875
2024-11-19 17:24:00+00:00,5896.64990234375
2024-11-19 17:25:00+00:00,5898.5400390625
2024-11-19 17:26:00+00:00,5901.1298828125
2024-11-19 17:27:00+00:00,5901.1201171875
2024-11-19 17:28:00+00:00,5900.669921875
2024-11-19 17:29:00+00:00,5903.009765625
2024-11-19 17:30:00+00:00,5902.2998046875
2024-11-19 17:31:00+00:00,5903.0498046875
2024-11-19 17:32:00+00:00,5904.080078125
2024-11-19 17:33:00+00:00,5904.830078125
2024-11-19 17:34:00+00:00,5907.169921875
2024-11-19 17:35:00+00:00,5906.10986328125
2024-11-19 17:36:00+00:00,5904.5498046875
2024-11-19 17:37:00+00:00,5905.259765625
2024-11-19 17:38:00+00:00,5907.490234375
2024-11-19 17:39:00+00:00,5906.93017578125
2024-11-19 17:40:00+00:00,5907.7001953125
2024-11-19 17:41:00+00:00,5906.68994140625
2024-11-19 17:42:00+00:00,5905.2001953125
2024-11-19 17:43:00+00:00,5904.35009765625
2024-11-19 17:44:00+00:00,5904.330078125
2024-11-19 17:45:00+00:00,5905.3701171875
2024-11-19 17:46:00+00:00,5904.22021484375
2024-11-19 17:47:00+00:00,5903.72021484375
2024-11-19 17:48:00+00:00,5903.5
2024-11-19 17:49:00+00:00,5902.85986328125
2024-11-19 17:50:00+00:00,5902.75
2024-11-19 17:51:00+00:00,5904.2001953125
2024-11-19 17:52:00+00:00,5904.3798828125
2024-11-19 17:53:00+00:00,5902.85009765625
2024-11-19 17:54:00+00:00,5903.9501953125
2024-11-19 17:55:00+00:00,5905.16015625
2024-11-19 17:56:00+00:00,5904.9501953125
2024-11-19 17:57:00+00:00,5905.2001953125
2024-11-19 17:58:00+00:00,5904.85986328125
2024-11-19 17:59:00+00:00,5905.0498046875
2024-11-19 18:00:00+00:00,5902.97021484375
2024-11-19 18:01:00+00:00,5902.2099609375
2024-11-19 18:02:00+00:00,5902.47998046875
2024-11-19 18:03:00+00:00,5903.60009765625
2024-11-19 18:04:00+00:00,5903.6298828125
2024-11-19 18:05:00+00:00,5904.18994140625
2024-11-19 18:06:00+00:00,5903.9501953125
2024-11-19 18:07:00+00:00,5905.52001953125
2024-11-19 18:08:00+00:00,5905.33984375
2024-11-19 18:10:00+00:00,5908.2001953125
2024-11-19 18:11:00+00:00,5908.2099609375
2024-11-19 18:12:00+00:00,5907.2001953125
2024-11-19 18:13:00+00:00,5907.169921875
2024-11-19 18:15:00+00:00,5909.0
2024-11-19 18:16:00+00:00,5909.02978515625
2024-11-19 18:17:00+00:00,5908.2998046875
2024-11-19 18:18:00+00:00,5908.7900390625
2024-11-19 18:19:00+00:00,5908.39990234375
2024-11-19 18:20:00+00:00,5908.68017578125
2024-11-19 18:22:00+00:00,5906.6298828125
2024-11-19 18:23:00+00:00,5906.31982421875
2024-11-19 18:24:00+00:00,5907.10986328125
2024-11-19 18:25:00+00:00,5908.490234375
2024-11-19 18:26:00+00:00,5907.509765625
2024-11-19 18:27:00+00:00,5908.8701171875
2024-11-19 18:28:00+00:00,5908.85986328125
2024-11-19 18:29:00+00:00,5909.0498046875
2024-11-19 18:30:00+00:00,5908.93017578125
2024-11-19 18:31:00+00:00,5908.16015625
2024-11-19 18:32:00+00:00,5907.5
2024-11-19 18:33:00+00:00,5908.3798828125
2024-11-19 18:36:00+00:00,5909.169921875
2024-11-19 18:37:00+00:00,5909.4501953125
2024-11-19 18:38:00+00:00,5909.740234375
2024-11-19 18:39:00+00:00,5912.81982421875
2024-11-19 18:40:00+00:00,5912.8798828125
2024-11-19 18:41:00+00:00,5912.47998046875
2024-11-19 18:42:00+00:00,5913.1298828125
2024-11-19 18:43:00+00:00,5914.1298828125
2024-11-19 18:44:00+00:00,5914.47021484375
2024-11-19 18:45:00+00:00,5916.72998046875
2024-11-19 18:46:00+00:00,5918.66015625
2024-11-19 18:48:00+00:00,5920.18017578125
2024-11-19 18:49:00+00:00,5919.740234375
2024-11-19 18:50:00+00:00,5920.06005859375
2024-11-19 18:51:00+00:00,5920.97021484375
2024-11-19 18:52:00+00:00,5921.52978515625
2024-11-19 18:53:00+00:00,5923.39013671875
2024-11-19 18:54:00+00:00,5921.830078125
2024-11-19 18:55:00+00:00,5921.56005859375
2024-11-19 18:56:00+00:00,5922.66015625
2024-11-19 18:57:00+00:00,5923.3701171875
2024-11-19 18:58:00+00:00,5923.1298828125
2024-11-19 18:59:00+00:00,5922.1298828125
2024-11-19 19:00:00+00:00,5921.97998046875
2024-11-19 19:01:00+00:00,5921.97021484375
2024-11-19 19:02:00+00:00,5921.25
2024-11-19 19:03:00+00:00,5920.52001953125
2024-11-19 19:04:00+00:00,5920.240234375
2024-11-19 19:05:00+00:00,5919.740234375
2024-11-19 19:06:00+00:00,5920.2900390625
2024-11-19 19:07:00+00:00,5920.56982421875
2024-11-19 19:08:00+00:00,5920.93994140625
2024-11-19 19:09:00+00:00,5920.93017578125
2024-11-19 19:10:00+00:00,5921.080078125
2024-11-19 19:11:00+00:00,5921.009765625
2024-11-19 19:12:00+00:00,5920.830078125
2024-11-19 19:13:00+00:00,5920.89990234375
2024-11-19 19:14:00+00:00,5921.35986328125
2024-11-19 19:15:00+00:00,5920.25
2024-11-19 19:16:00+00:00,5919.02978515625
2024-11-19 19:17:00+00:00,5917.25
2024-11-19 19:18:00+00:00,5916.81005859375
2024-11-19 19:19:00+00:00,5916.43994140625
2024-11-19 19:20:00+00:00,5918.7001953125
2024-11-19 19:21:00+00:00,5919.2099609375
2024-11-19 19:22:00+00:00,5919.56005859375
2024-11-19 19:23:00+00:00,5919.2001953125
2024-11-19 19:24:00+00:00,5919.47021484375
2024-11-19 19:25:00+00:00,5917.91015625
2024-11-19 19:26:00+00:00,5917.7099609375
2024-11-19 19:27:00+00:00,5916.919921875
2024-11-19 19:28:00+00:00,5917.6298828125
2024-11-19 19:29:00+00:00,5914.830078125
2024-11-19 19:30:00+00:00,5915.919921875
2024-11-19 19:31:00+00:00,5915.77978515625
2024-11-19 19:32:00+00:00,5910.8701171875
2024-11-19 19:33:00+00:00,5908.93994140625
2024-11-19 19:34:00+00:00,5908.7998046875
2024-11-19 19:35:00+00:00,5905.919921875
2024-11-19 19:36:00+00:00,5908.3798828125
2024-11-19 19:37:00+00:00,5907.3701171875
2024-11-19 19:38:00+00:00,5905.81982421875
2024-11-19 19:39:00+00:00,5907.240234375
2024-11-19 19:40:00+00:00,5905.6298828125
2024-11-19 19:41:00+00:00,5905.22021484375
2024-11-19 19:42:00+00:00,5906.990234375
2024-11-19 19:43:00+00:00,5906.85986328125
2024-11-19 19:44:00+00:00,5907.5498046875
2024-11-19 19:45:00+00:00,5906.31982421875
2024-11-19 19:46:00+00:00,5906.35009765625
2024-11-19 19:47:00+00:00,5906.10986328125
2024-11-19 19:48:00+00:00,5907.0498046875
2024-11-19 19:49:00+00:00,5906.14990234375
2024-11-19 19:50:00+00:00,5907.47021484375
2024-11-19 19:51:00+00:00,5909.64990234375
2024-11-19 19:52:00+00:00,5910.06982421875
2024-11-19 19:53:00+00:00,5910.85986328125
2024-11-19 19:54:00+00:00,5911.56005859375
2024-11-19 19:55:00+00:00,5912.22998046875
2024-11-19 19:56:00+00:00,5912.08984375
2024-11-19 19:57:00+00:00,5910.77978515625
2024-11-19 19:58:00+00:00,5910.33984375
2024-11-19 19:59:00+00:00,5910.0498046875
2024-11-19 20:00:00+00:00,5910.0
2024-11-19 20:01:00+00:00,5908.97021484375
2024-11-19 20:02:00+00:00,5908.7001953125
2024-11-19 20:03:00+00:00,5907.60986328125
2024-11-19 20:04:00+00:00,5907.509765625
2024-11-19 20:05:00+00:00,5907.7001953125
2024-11-19 20:06:00+00:00,5909.39990234375
2024-11-19 20:07:00+00:00,5909.68994140625
2024-11-19 20:08:00+00:00,5909.33984375
2024-11-19 20:09:00+00:00,5910.31005859375
2024-11-19 20:10:00+00:00,5910.1201171875
2024-11-19 20:11:00+00:00,5910.3701171875
2024-11-19 20:12:00+00:00,5911.0498046875
2024-11-19 20:13:00+00:00,5910.43017578125
2024-11-19 20:14:00+00:00,5910.47998046875
2024-11-19 20:15:00+00:00,5909.77978515625
2024-11-19 20:16:00+00:00,5910.39990234375
2024-11-19 20:17:00+00:00,5911.759765625
2024-11-19 20:18:00+00:00,5911.56982421875
2024-11-19 20:19:00+00:00,5912.31982421875
2024-11-19 20:20:00+00:00,5911.7900390625
2024-11-19 20:21:00+00:00,5911.3798828125
2024-11-19 20:22:00+00:00,5911.47998046875
2024-11-19 20:23:00+00:00,5911.2998046875
2024-11-19 20:24:00+00:00,5910.08984375
2024-11-19 20:25:00+00:00,5911.240234375
2024-11-19 20:26:00+00:00,5911.6298828125
2024-11-19 20:27:00+00:00,5912.3701171875
2024-11-19 20:28:00+00:00,5911.759765625
2024-11-19 20:29:00+00:00,5912.0400390625
2024-11-19 20:30:00+00:00,5910.580078125
2024-11-19 20:31:00+00:00,5910.4501953125
2024-11-19 20:32:00+00:00,5911.64013671875
2024-11-19 20:33:00+00:00,5911.5498046875
2024-11-19 20:34:00+00:00,5911.169921875
2024-11-19 20:35:00+00:00,5912.02978515625
2024-11-19 20:36:00+00:00,5912.97998046875
2024-11-19 20:37:00+00:00,5912.39990234375
2024-11-19 20:38:00+00:00,5912.31982421875
2024-11-19 20:39:00+00:00,5912.33984375
2024-11-19 20:40:00+00:00,5912.25
2024-11-19 20:41:00+00:00,5912.14013671875
2024-11-19 20:42:00+00:00,5912.47021484375
2024-11-19 20:43:00+00:00,5913.89990234375
2024-11-19 20:44:00+00:00,5912.89990234375
2024-11-19 20:45:00+00:00,5912.52978515625
2024-11-19 20:46:00+00:00,5912.97021484375
2024-11-19 20:47:00+00:00,5916.02001953125
2024-11-19 20:48:00+00:00,5915.2998046875
2024-11-19 20:49:00+00:00,5916.60009765625
2024-11-19 20:50:00+00:00,5918.0
2024-11-19 20:51:00+00:00,5917.1201171875
2024-11-19 20:52:00+00:00,5917.47998046875
2024-11-19 20:53:00+00:00,5916.06982421875
2024-11-19 20:54:00+00:00,5912.22021484375
2024-11-19 20:55:00+00:00,5915.31005859375
2024-11-19 20:56:00+00:00,5912.58984375
2024-11-19 20:57:00+00:00,5916.1298828125
2024-11-19 20:58:00+00:00,5916.240234375
2024-11-19 20:59:00+00:00,5915.85009765625
2024-11-20 14:30:00+00:00,5914.330078125
2024-11-20 14:31:00+00:00,5916.22021484375
2024-11-20 14:32:00+00:00,5914.83984375
2024-11-20 14:33:00+00:00,5912.06005859375
2024-11-20 14:34:00+00:00,5912.89990234375
2024-11-20 14:35:00+00:00,5906.2998046875
2024-11-20 14:36:00+00:00,5902.68017578125
2024-11-20 14:37:00+00:00,5898.5400390625
2024-11-20 14:38:00+00:00,5900.22021484375
2024-11-20 14:39:00+00:00,5895.169921875
2024-11-20 14:40:00+00:00,5893.14013671875
2024-11-20 14:41:00+00:00,5894.240234375
2024-11-20 14:42:00+00:00,5893.18994140625
2024-11-20 14:43:00+00:00,5895.81005859375
2024-11-20 14:44:00+00:00,5896.39990234375
2024-11-20 14:45:00+00:00,5893.7998046875
2024-11-20 14:46:00+00:00,5897.93017578125
2024-11-20 14:47:00+00:00,5898.97998046875
2024-11-20 14:48:00+00:00,5896.35986328125
2024-11-20 14:49:00+00:00,5896.18994140625
2024-11-20 14:50:00+00:00,5892.66015625
2024-11-20 14:51:00+00:00,5895.7001953125
2024-11-20 14:52:00+00:00,5897.259765625
2024-11-20 14:53:00+00:00,5895.1298828125
2024-11-20 14:54:00+00:00,5893.080078125
2024-11-20 14:55:00+00:00,5891.93017578125
2024-11-20 14:56:00+00:00,5893.080078125
2024-11-20 14:57:00+00:00,5891.22021484375
2024-11-20 14:58:00+00:00,5888.419921875
2024-11-20 14:59:00+00:00,5887.02978515625
2024-11-20 15:00:00+00:00,5892.3798828125
2024-11-20 15:01:00+00:00,5891.89990234375
2024-11-20 15:02:00+00:00,5889.35986328125
2024-11-20 15:03:00+00:00,5888.830078125
2024-11-20 15:04:00+00:00,5887.7001953125
2024-11-20 15:05:00+00:00,5880.39013671875
2024-11-20 15:06:00+00:00,5877.91015625
2024-11-20 15:07:00+00:00,5876.509765625
2024-11-20 15:08:00+00:00,5876.7001953125
2024-11-20 15:09:00+00:00,5872.669921875
2024-11-20 15:10:00+00:00,5866.89013671875
2024-11-20 15:11:00+00:00,5868.7998046875
2024-11-20 15:12:00+00:00,5871.33984375
2024-11-20 15:13:00+00:00,5870.14990234375
2024-11-20 15:14:00+00:00,5869.47998046875
2024-11-20 15:15:00+00:00,5868.9599609375
2024-11-20 15:16:00+00:00,5865.759765625
2024-11-20 15:17:00+00:00,5864.06005859375
2024-11-20 15:18:00+00:00,5866.7998046875
2024-11-20 15:19:00+00:00,5867.419921875
2024-11-20 15:20:00+00:00,5860.8798828125
2024-11-20 15:21:00+00:00,5865.77001953125
2024-11-20 15:22:00+00:00,5866.18994140625
2024-11-20 15:23:00+00:00,5867.64990234375
2024-11-20 15:24:00+00:00,5871.43017578125
2024-11-20 15:25:00+00:00,5872.56982421875
2024-11-20 15:26:00+00:00,5871.72998046875
2024-11-20 15:27:00+00:00,5872.66015625
2024-11-20 15:28:00+00:00,5870.68994140625
2024-11-20 15:29:00+00:00,5870.97998046875
2024-11-20 15:30:00+00:00,5870.52978515625
2024-11-20 15:31:00+00:00,5876.2998046875
2024-11-20 15:32:00+00:00,5877.81982421875
2024-11-20 15:33:00+00:00,5879.06982421875
2024-11-20 15:34:00+00:00,5878.56005859375
2024-11-20 15:35:00+00:00,5877.89990234375
2024-11-20 15:36:00+00:00,5877.1298828125
2024-11-20 15:37:00+00:00,5879.14990234375
2024-11-20 15:38:00+00:00,5881.169921875
2024-11-20 15:39:00+00:00,5883.89990234375
2024-11-20 15:40:00+00:00,5881.66015625
2024-11-20 15:41:00+00:00,5882.419921875
2024-11-20 15:43:00+00:00,5880.47021484375
2024-11-20 15:44:00+00:00,5881.33984375
2024-11-20 15:45:00+00:00,5882.990234375
2024-11-20 15:46:00+00:00,5884.77978515625
2024-11-20 15:47:00+00:00,5885.66015625
2024-11-20 15:48:00+00:00,5884.27001953125
2024-11-20 15:49:00+00:00,5886.39013671875
2024-11-20 15:50:00+00:00,5884.39990234375
2024-11-20 15:51:00+00:00,5884.39013671875
2024-11-20 15:52:00+00:00,5883.56005859375
2024-11-20 15:53:00+00:00,5883.669921875
2024-11-20 15:54:00+00:00,5885.08984375
2024-11-20 15:55:00+00:00,5887.43994140625
2024-11-20 15:56:00+00:00,5885.759765625
2024-11-20 15:57:00+00:00,5885.740234375
2024-11-20 15:58:00+00:00,5889.330078125
2024-11-20 15:59:00+00:00,5887.47998046875
2024-11-20 16:00:00+00:00,5889.93994140625
2024-11-20 16:01:00+00:00,5888.1201171875
2024-11-20 16:02:00+00:00,5889.39013671875
2024-11-20 16:03:00+00:00,5885.8798828125
2024-11-20 16:04:00+00:00,5886.1201171875
2024-11-20 16:05:00+00:00,5886.43994140625
2024-11-20 16:06:00+00:00,5881.16015625
2024-11-20 16:07:00+00:00,5881.740234375
2024-11-20 16:08:00+00:00,5881.39013671875
2024-11-20 16:09:00+00:00,5882.43994140625
2024-11-20 16:10:00+00:00,5880.85009765625
2024-11-20 16:11:00+00:00,5875.5400390625
2024-11-20 16:12:00+00:00,5877.91015625
2024-11-20 16:13:00+00:00,5877.5498046875
2024-11-20 16:14:00+00:00,5877.83984375
2024-11-20 16:15:00+00:00,5878.52001953125
2024-11-20 16:16:00+00:00,5878.9501953125
2024-11-20 16:17:00+00:00,5877.97998046875
2024-11-20 16:18:00+00:00,5878.509765625
2024-11-20 16:19:00+00:00,5879.830078125
2024-11-20 16:20:00+00:00,5880.97998046875
2024-11-20 16:21:00+00:00,5879.39013671875
2024-11-20 16:22:00+00:00,5878.60986328125
2024-11-20 16:23:00+00:00,5879.83984375
2024-11-20 16:24:00+00:00,5878.68017578125
2024-11-20 16:25:00+00:00,5877.43017578125
2024-11-20 16:26:00+00:00,5875.56982421875
2024-11-20 16:27:00+00:00,5874.10986328125
2024-11-20 16:28:00+00:00,5874.2001953125
2024-11-20 16:29:00+00:00,5872.740234375
2024-11-20 16:30:00+00:00,5869.8798828125
2024-11-20 16:31:00+00:00,5869.240234375
2024-11-20 16:32:00+00:00,5871.22998046875
2024-11-20 16:33:00+00:00,5871.1298828125
2024-11-20 16:34:00+00:00,5872.18017578125
2024-11-20 16:35:00+00:00,5872.16015625
2024-11-20 16:36:00+00:00,5871.06005859375
2024-11-20 16:37:00+00:00,5869.97021484375
2024-11-20 16:38:00+00:00,5873.91015625
2024-11-20 16:39:00+00:00,5878.240234375
2024-11-20 16:40:00+00:00,5879.77001953125
2024-11-20 16:41:00+00:00,5881.02978515625
2024-11-20 16:42:00+00:00,5879.68017578125
2024-11-20 16:43:00+00:00,5882.009765625
2024-11-20 16:44:00+00:00,5886.0400390625
2024-11-20 16:45:00+00:00,5885.8798828125
2024-11-20 16:46:00+00:00,5886.22998046875
2024-11-20 16:47:00+00:00,5891.27001953125
2024-11-20 16:48:00+00:00,5891.02001953125
2024-11-20 16:49:00+00:00,5892.669921875
2024-11-20 16:50:00+00:00,5893.81982421875
2024-11-20 16:51:00+00:00,5894.5
2024-11-20 16:52:00+00:00,5895.81005859375
2024-11-20 16:53:00+00:00,5896.2001953125
2024-11-20 16:54:00+00:00,5898.39990234375
2024-11-20 16:55:00+00:00,5898.5400390625
2024-11-20 16:56:00+00:00,5899.93994140625
2024-11-20 16:57:00+00:00,5897.7001953125
2024-11-20 16:58:00+00:00,5897.02978515625
2024-11-20 16:59:00+00:00,5897.06982421875
2024-11-20 17:00:00+00:00,5897.83984375
2024-11-20 17:01:00+00:00,5898.5498046875
2024-11-20 17:02:00+00:00,5895.68017578125
2024-11-20 17:03:00+00:00,5892.89013671875
2024-11-20 17:04:00+00:00,5894.22021484375
2024-11-20 17:05:00+00:00,5894.7099609375
2024-11-20 17:06:00+00:00,5893.6201171875
2024-11-20 17:07:00+00:00,5890.93017578125
2024-11-20 17:08:00+00:00,5891.08984375
2024-11-20 17:09:00+00:00,5891.27978515625
2024-11-20 17:10:00+00:00,5892.02978515625
2024-11-20 17:11:00+00:00,5890.0498046875
2024-11-20 17:12:00+00:00,5887.2900390625
2024-11-20 17:13:00+00:00,5887.5498046875
2024-11-20 17:14:00+00:00,5885.5400390625
2024-11-20 17:15:00+00:00,5885.7099609375
2024-11-20 17:16:00+00:00,5884.8798828125
2024-11-20 17:17:00+00:00,5884.7001953125
2024-11-20 17:18:00+00:00,5884.919921875
2024-11-20 17:19:00+00:00,5882.1201171875
2024-11-20 17:20:00+00:00,5878.06005859375
2024-11-20 17:21:00+00:00,5877.18017578125
2024-11-20 17:22:00+00:00,5876.72998046875
2024-11-20 17:23:00+00:00,5877.990234375
2024-11-20 17:24:00+00:00,5878.490234375
2024-11-20 17:25:00+00:00,5879.93017578125
2024-11-20 17:26:00+00:00,5882.35009765625
2024-11-20 17:27:00+00:00,5884.7998046875
2024-11-20 17:28:00+00:00,5883.39013671875
2024-11-20 17:29:00+00:00,5885.18994140625
2024-11-20 17:30:00+00:00,5884.830078125
2024-11-20 17:31:00+00:00,5885.97021484375
2024-11-20 17:32:00+00:00,5888.16015625
2024-11-20 17:33:00+00:00,5885.85986328125
2024-11-20 17:34:00+00:00,5887.81005859375
2024-11-20 17:35:00+00:00,5888.7998046875
2024-11-20 17:36:00+00:00,5889.81982421875
2024-11-20 17:37:00+00:00,5891.06982421875
2024-11-20 17:38:00+00:00,5891.0
2024-11-20 17:39:00+00:00,5891.14013671875
2024-11-20 17:40:00+00:00,5891.509765625
2024-11-20 17:41:00+00:00,5892.1298828125
2024-11-20 17:42:00+00:00,5890.14013671875
2024-11-20 17:43:00+00:00,5889.27001953125
2024-11-20 17:44:00+00:00,5888.64990234375
2024-11-20 17:45:00+00:00,5888.7001953125
2024-11-20 17:46:00+00:00,5891.02978515625
2024-11-20 17:47:00+00:00,5891.31005859375
2024-11-20 17:48:00+00:00,5890.72998046875
2024-11-20 17:49:00+00:00,5894.0498046875
2024-11-20 17:50:00+00:00,5893.7001953125
2024-11-20 17:51:00+00:00,5895.39013671875
2024-11-20 17:52:00+00:00,5894.5498046875
2024-11-20 17:53:00+00:00,5891.41015625
2024-11-20 17:54:00+00:00,5886.39990234375
2024-11-20 17:55:00+00:00,5887.10986328125
2024-11-20 17:56:00+00:00,5886.10009765625
2024-11-20 17:57:00+00:00,5886.85986328125
2024-11-20 17:58:00+00:00,5884.5498046875
2024-11-20 17:59:00+00:00,5884.56005859375
2024-11-20 18:00:00+00:00,5886.16015625
2024-11-20 18:01:00+00:00,5887.35986328125
2024-11-20 18:02:00+00:00,5885.830078125
2024-11-20 18:03:00+00:00,5886.33984375
2024-11-20 18:04:00+00:00,5886.43017578125
2024-11-20 18:05:00+00:00,5886.77001953125
2024-11-20 18:06:00+00:00,5886.259765625
2024-11-20 18:07:00+00:00,5885.91015625
2024-11-20 18:08:00+00:00,5885.58984375
2024-11-20 18:09:00+00:00,5884.93994140625
2024-11-20 18:10:00+00:00,5885.2099609375
2024-11-20 18:11:00+00:00,5886.43994140625
2024-11-20 18:12:00+00:00,5886.31982421875
2024-11-20 18:13:00+00:00,5887.06982421875
2024-11-20 18:14:00+00:00,5886.02978515625
2024-11-20 18:15:00+00:00,5886.18994140625
2024-11-20 18:16:00+00:00,5886.7998046875
2024-11-20 18:17:00+00:00,5888.10009765625
2024-11-20 18:18:00+00:00,5884.60009765625
2024-11-20 18:19:00+00:00,5881.5400390625
2024-11-20 18:20:00+00:00,5879.1201171875
2024-11-20 18:21:00+00:00,5882.919921875
2024-11-20 18:22:00+00:00,5882.64013671875
2024-11-20 18:23:00+00:00,5883.830078125
2024-11-20 18:24:00+00:00,5886.669921875
2024-11-20 18:25:00+00:00,5886.60009765625
2024-11-20 18:26:00+00:00,5887.75
2024-11-20 18:27:00+00:00,5888.72021484375
2024-11-20 18:28:00+00:00,5889.330078125
2024-11-20 18:29:00+00:00,5889.10009765625
2024-11-20 18:30:00+00:00,5888.0498046875
2024-11-20 18:31:00+00:00,5887.0400390625
2024-11-20 18:32:00+00:00,5885.41015625
2024-11-20 18:33:00+00:00,5885.56005859375
2024-11-20 18:34:00+00:00,5883.9501953125
2024-11-20 18:35:00+00:00,5884.9599609375
2024-11-20 18:36:00+00:00,5883.4501953125
2024-11-20 18:37:00+00:00,5883.2900390625
2024-11-20 18:38:00+00:00,5881.10986328125
2024-11-20 18:39:00+00:00,5880.81005859375
2024-11-20 18:40:00+00:00,5880.8701171875
2024-11-20 18:41:00+00:00,5880.2099609375
2024-11-20 18:42:00+00:00,5877.35009765625
2024-11-20 18:43:00+00:00,5877.2099609375
2024-11-20 18:44:00+00:00,5877.89990234375
2024-11-20 18:45:00+00:00,5877.3798828125
2024-11-20 18:46:00+00:00,5875.81005859375
2024-11-20 18:47:00+00:00,5875.43994140625
2024-11-20 18:48:00+00:00,5877.31005859375
2024-11-20 18:49:00+00:00,5878.10009765625
2024-11-20 18:50:00+00:00,5878.31982421875
2024-11-20 18:51:00+00:00,5878.43994140625
2024-11-20 18:52:00+00:00,5878.7900390625
2024-11-20 18:53:00+00:00,5877.77001953125
2024-11-20 18:54:00+00:00,5879.240234375
2024-11-20 18:55:00+00:00,5879.7001953125
2024-11-20 18:56:00+00:00,5880.169921875
2024-11-20 18:57:00+00:00,5881.009765625
2024-11-20 18:58:00+00:00,5880.06005859375
2024-11-20 18:59:00+00:00,5881.14013671875
2024-11-20 19:00:00+00:00,5879.669921875
2024-11-20 19:01:00+00:00,5880.68994140625
2024-11-20 19:02:00+00:00,5880.85986328125
2024-11-20 19:03:00+00:00,5881.1201171875
2024-11-20 19:04:00+00:00,5880.35009765625
2024-11-20 19:05:00+00:00,5879.43017578125
2024-11-20 19:06:00+00:00,5877.1298828125
2024-11-20 19:07:00+00:00,5876.31982421875
2024-11-20 19:08:00+00:00,5877.97998046875
2024-11-20 19:09:00+00:00,5877.06982421875
2024-11-20 19:10:00+00:00,5876.759765625
2024-11-20 19:11:00+00:00,5877.2998046875
2024-11-20 19:12:00+00:00,5877.3798828125
2024-11-20 19:13:00+00:00,5878.1298828125
2024-11-20 19:14:00+00:00,5877.740234375
2024-11-20 19:15:00+00:00,5878.509765625
2024-11-20 19:16:00+00:00,5877.2099609375
2024-11-20 19:17:00+00:00,5877.85986328125
2024-11-20 19:18:00+00:00,5877.64013671875
2024-11-20 19:19:00+00:00,5877.43017578125
2024-11-20 19:20:00+00:00,5878.60986328125
2024-11-20 19:21:00+00:00,5877.2998046875
2024-11-20 19:22:00+00:00,5876.16015625
2024-11-20 19:23:00+00:00,5875.81982421875
2024-11-20 19:24:00+00:00,5875.75
2024-11-20 19:25:00+00:00,5877.89013671875
2024-11-20 19:26:00+00:00,5879.169921875
2024-11-20 19:27:00+00:00,5878.10986328125
2024-11-20 19:28:00+00:00,5878.669921875
2024-11-20 19:29:00+00:00,5879.22021484375
2024-11-20 19:30:00+00:00,5879.47021484375
2024-11-20 19:31:00+00:00,5879.419921875
2024-11-20 19:32:00+00:00,5879.3798828125
2024-11-20 19:33:00+00:00,5880.39990234375
2024-11-20 19:34:00+00:00,5881.81005859375
2024-11-20 19:35:00+00:00,5881.93017578125
2024-11-20 19:36:00+00:00,5883.4501953125
2024-11-20 19:37:00+00:00,5884.1201171875
2024-11-20 19:38:00+00:00,5884.27001953125
2024-11-20 19:39:00+00:00,5883.93017578125
2024-11-20 19:40:00+00:00,5885.25
2024-11-20 19:41:00+00:00,5885.35009765625
2024-11-20 19:42:00+00:00,5886.509765625
2024-11-20 19:43:00+00:00,5889.18994140625
2024-11-20 19:44:00+00:00,5889.27978515625
2024-11-20 19:45:00+00:00,5890.27001953125
2024-11-20 19:46:00+00:00,5889.56005859375
2024-11-20 19:47:00+00:00,5890.64990234375
2024-11-20 19:48:00+00:00,5891.4599609375
2024-11-20 19:49:00+00:00,5890.85009765625
2024-11-20 19:50:00+00:00,5890.6201171875
2024-11-20 19:51:00+00:00,5889.43994140625
2024-11-20 19:52:00+00:00,5890.66015625
2024-11-20 19:53:00+00:00,5888.419921875
2024-11-20 19:54:00+00:00,5888.66015625
2024-11-20 19:55:00+00:00,5888.33984375
2024-11-20 19:56:00+00:00,5887.60009765625
2024-11-20 19:57:00+00:00,5887.60009765625
2024-11-20 19:58:00+00:00,5887.6201171875
2024-11-20 19:59:00+00:00,5888.009765625
2024-11-20 20:00:00+00:00,5886.669921875
2024-11-20 20:01:00+00:00,5887.6201171875
2024-11-20 20:02:00+00:00,5886.10009765625
2024-11-20 20:03:00+00:00,5886.89013671875
2024-11-20 20:04:00+00:00,5887.27978515625
2024-11-20 20:05:00+00:00,5888.68994140625
2024-11-20 20:06:00+00:00,5887.43017578125
2024-11-20 20:07:00+00:00,5886.0498046875
2024-11-20 20:08:00+00:00,5887.68017578125
2024-11-20 20:09:00+00:00,5888.919921875
2024-11-20 20:10:00+00:00,5889.6201171875
2024-11-20 20:11:00+00:00,5890.16015625
2024-11-20 20:12:00+00:00,5890.18994140625
2024-11-20 20:13:00+00:00,5888.93994140625
2024-11-20 20:14:00+00:00,5889.080078125
2024-11-20 20:15:00+00:00,5890.06005859375
2024-11-20 20:16:00+00:00,5890.5
2024-11-20 20:17:00+00:00,5890.43017578125
2024-11-20 20:18:00+00:00,5891.0498046875
2024-11-20 20:19:00+00:00,5891.5
2024-11-20 20:20:00+00:00,5892.93994140625
2024-11-20 20:21:00+00:00,5893.2099609375
2024-11-20 20:22:00+00:00,5892.35009765625
2024-11-20 20:23:00+00:00,5892.97998046875
2024-11-20 20:24:00+00:00,5894.27978515625
2024-11-20 20:25:00+00:00,5895.31982421875
2024-11-20 20:26:00+00:00,5896.08984375
2024-11-20 20:27:00+00:00,5896.009765625
2024-11-20 20:28:00+00:00,5896.7998046875
2024-11-20 20:29:00+00:00,5897.490234375
2024-11-20 20:30:00+00:00,5901.60009765625
2024-11-20 20:31:00+00:00,5903.4501953125
2024-11-20 20:32:00+00:00,5906.990234375
2024-11-20 20:33:00+00:00,5909.009765625
2024-11-20 20:34:00+00:00,5911.52978515625
2024-11-20 20:35:00+00:00,5911.8798828125
2024-11-20 20:36:00+00:00,5910.66015625
2024-11-20 20:37:00+00:00,5912.830078125
2024-11-20 20:38:00+00:00,5913.56005859375
2024-11-20 20:39:00+00:00,5912.259765625
2024-11-20 20:40:00+00:00,5913.4501953125
2024-11-20 20:41:00+00:00,5913.259765625
2024-11-20 20:42:00+00:00,5910.52001953125
2024-11-20 20:43:00+00:00,5907.31005859375
2024-11-20 20:44:00+00:00,5909.64013671875
2024-11-20 20:45:00+00:00,5908.60986328125
2024-11-20 20:46:00+00:00,5910.41015625
2024-11-20 20:47:00+00:00,5913.3798828125
2024-11-20 20:48:00+00:00,5916.27001953125
2024-11-20 20:49:00+00:00,5914.990234375
2024-11-20 20:50:00+00:00,5919.3701171875
2024-11-20 20:51:00+00:00,5916.06005859375
2024-11-20 20:52:00+00:00,5912.75
2024-11-20 20:53:00+00:00,5915.0498046875
2024-11-20 20:54:00+00:00,5915.3701171875
2024-11-20 20:55:00+00:00,5918.52001953125
2024-11-20 20:56:00+00:00,5916.33984375
2024-11-20 20:57:00+00:00,5915.18994140625
2024-11-20 20:58:00+00:00,5914.47021484375
2024-11-20 20:59:00+00:00,5916.830078125
